{
  "hash": "def815c5",
  "browserHash": "ac25cfd4",
  "optimized": {
    "@angular/common": {
      "src": "../../../../../node_modules/@angular/common/fesm2022/common.mjs",
      "file": "@angular_common.js",
      "fileHash": "a43c3ad1",
      "needsInterop": false
    },
    "@angular/common/http": {
      "src": "../../../../../node_modules/@angular/common/fesm2022/http.mjs",
      "file": "@angular_common_http.js",
      "fileHash": "1a56d43a",
      "needsInterop": false
    },
    "@angular/core": {
      "src": "../../../../../node_modules/@angular/core/fesm2022/core.mjs",
      "file": "@angular_core.js",
      "fileHash": "a3df4fe3",
      "needsInterop": false
    },
    "@angular/forms": {
      "src": "../../../../../node_modules/@angular/forms/fesm2022/forms.mjs",
      "file": "@angular_forms.js",
      "fileHash": "41eaaaaa",
      "needsInterop": false
    },
    "@angular/platform-browser": {
      "src": "../../../../../node_modules/@angular/platform-browser/fesm2022/platform-browser.mjs",
      "file": "@angular_platform-browser.js",
      "fileHash": "f011d9e3",
      "needsInterop": false
    },
    "@angular/router": {
      "src": "../../../../../node_modules/@angular/router/fesm2022/router.mjs",
      "file": "@angular_router.js",
      "fileHash": "18cacb81",
      "needsInterop": false
    },
    "rxjs/operators": {
      "src": "../../../../../node_modules/rxjs/dist/esm5/operators/index.js",
      "file": "rxjs_operators.js",
      "fileHash": "b5956de4",
      "needsInterop": false
    }
  },
  "chunks": {
    "chunk-7C5J5VLI": {
      "file": "chunk-7C5J5VLI.js"
    },
    "chunk-2YSR3F2T": {
      "file": "chunk-2YSR3F2T.js"
    },
    "chunk-ZTKK6B67": {
      "file": "chunk-ZTKK6B67.js"
    },
    "chunk-HQ447NZK": {
      "file": "chunk-HQ447NZK.js"
    },
    "chunk-ATNI3QCU": {
      "file": "chunk-ATNI3QCU.js"
    }
  }
}